rho	lambda	tau
1.1095073270049542	1.2283925494903547	4.907429156823266
