rho	lambda	tau
0.7695454708188455	1.0409400521902707	8.110193457223264
