	subjID	beta
01	0.008710524736008923	0.7088771228784808
02	0.22798898443714213	0.4160904873663228
