rho	lambda	tau
0.7646000464951215	1.0411202179531216	8.198196808522017
