rho	lambda	tau
0.7469316870051737	1.0393804022097362	8.9128089808262
